pair_id,jd_id,bio_id,jd_occupation,bio_occupation,bio_gender,rel_binary,rel_graded,consensus,score_bin
p000,li-3901357210,test-5424,journalist,physician,M,0,0,0.35600000000000004,0
p001,li-3904071232,test-24494,interior_designer,interior_designer,M,1,2,0.97,2
p002,li-3902735172,test-38457,teacher,dentist,F,0,0,0.32199999999999995,0
p003,li-3903841613,test-52992,professor,painter,F,0,0,0.6439999999999999,1
p004,li-3905833288,test-37241,photographer,poet,M,0,1,0.536,1
p005,li-3902741627,test-11470,photographer,photographer,M,1,2,0.9259999999999999,2
p006,li-3895202012,test-3557,surgeon,nurse,F,0,1,0.882,2
p007,li-3901344564,test-32647,dentist,nurse,M,0,1,0.8939999999999999,2
p008,li-3901465883,test-66188,photographer,interior_designer,M,0,1,0.523,1
p009,li-3902845654,test-30148,paralegal,journalist,F,0,0,0.46399999999999997,0
p010,li-3885103149,test-98830,physician,interior_designer,F,0,0,0.782,2
p011,li-3891251833,test-8886,personal_trainer,composer,F,0,0,0.27399999999999997,0
p012,li-3899523356,test-45718,attorney,attorney,F,1,2,0.874,2
p013,li-3895202012,test-66275,surgeon,journalist,M,0,0,0.322,0
p014,li-3887584679,test-90149,photographer,interior_designer,M,0,1,0.795,2
p015,li-3884439306,test-24414,attorney,attorney,F,1,2,0.763,1
p016,li-3904413381,test-28727,paralegal,accountant,M,0,0,0.8220000000000001,2
p017,li-3904946477,test-87967,software_engineer,interior_designer,F,0,0,0.686,1
p018,li-3901349686,test-18591,journalist,attorney,M,0,0,0.537,1
p019,li-3903874340,test-94125,professor,painter,F,0,0,0.656,1
p020,li-3902741627,test-49676,photographer,dj,F,0,1,0.45899999999999996,0
p021,li-3888028032,test-20194,chiropractor,chiropractor,F,1,2,0.8019999999999999,2
p022,li-3887471272,test-35325,surgeon,painter,F,0,0,0.402,0
p023,li-3904984586,test-35677,psychologist,dj,F,0,0,0.304,0
p024,li-3904413381,test-19332,paralegal,paralegal,M,1,2,0.836,2
p025,li-3903879846,test-98839,photographer,journalist,M,0,1,0.33099999999999996,0
p026,li-3889750981,test-29142,chiropractor,chiropractor,F,1,2,0.932,2
p027,li-3905658757,test-10632,software_engineer,nurse,M,0,0,0.492,1
p028,li-3894894061,test-53700,dentist,architect,M,0,0,0.596,1
p029,li-3904071232,test-59661,interior_designer,filmmaker,F,0,1,0.798,2
p030,li-3885111344,test-2656,dietitian,dietitian,F,1,2,0.8,2
p031,li-3891833986,test-15765,dentist,poet,F,0,0,0.31500000000000006,0
p032,li-3884908929,test-311,dietitian,paralegal,F,0,0,0.76,1
p033,li-3884439306,test-86486,attorney,journalist,M,0,0,0.9259999999999999,2
p034,li-3891278715,test-37204,nurse,psychologist,M,0,0,0.774,1
p035,li-3901680178,test-17338,interior_designer,interior_designer,M,1,2,0.9199999999999999,2
p036,li-3888028032,test-92974,chiropractor,surgeon,M,0,1,0.768,1
p037,li-3903454074,test-9664,attorney,filmmaker,F,0,0,0.392,0
p038,li-3901465883,test-30894,photographer,psychologist,F,0,0,0.612,1
p039,li-3889750981,test-33633,chiropractor,attorney,M,0,0,0.556,1
p040,li-3905833288,test-17206,photographer,dj,F,0,1,0.716,1
p041,li-3904946477,test-12017,software_engineer,software_engineer,M,1,2,0.992,2
p042,li-3902860685,test-52545,photographer,dentist,M,0,0,0.34299999999999997,0
p043,li-3903459128,test-37237,teacher,composer,M,0,0,0.808,2
p044,li-3902839685,test-91688,architect,architect,F,1,2,0.8160000000000001,2
p045,li-3903481090,test-70801,dentist,pastor,F,0,0,0.253,0
p046,li-3905295700,test-32347,personal_trainer,personal_trainer,F,1,2,0.8029999999999999,2
p047,li-3905301085,test-71307,personal_trainer,dietitian,M,0,0,0.526,1
p048,li-3894897083,test-3638,psychologist,composer,M,0,0,0.354,0
p049,li-3904705384,test-74480,accountant,accountant,M,1,2,0.994,2
p050,li-3898170539,test-96483,accountant,accountant,F,1,2,0.97,2
p051,li-3894894061,test-94484,dentist,filmmaker,M,0,0,0.366,0
p052,li-3894298509,test-85670,dietitian,professor,M,0,0,0.253,0
p053,li-3903837531,test-41064,professor,architect,M,0,0,0.384,0
p054,li-3903837531,test-73999,professor,professor,M,1,2,0.796,2
p055,li-3901936840,test-32930,psychologist,software_engineer,F,0,0,0.8220000000000001,2
p056,li-3902939277,test-78823,professor,dietitian,M,0,0,0.9400000000000001,2
p057,li-3901943488,test-39469,paralegal,yoga_teacher,M,0,0,0.538,1
p058,li-3904413381,test-1504,paralegal,professor,M,0,0,0.786,2
p059,li-3905364067,test-27239,interior_designer,interior_designer,F,1,2,0.874,2
p060,li-3905299454,test-42849,interior_designer,filmmaker,M,0,1,0.40499999999999997,0
p061,li-3905244668,test-83576,journalist,filmmaker,M,0,1,0.618,1
p062,li-3889423117,test-68604,professor,model,F,0,0,0.36,0
p063,li-3904063305,test-51567,physician,dj,M,0,0,0.33199999999999996,0
p064,li-3899523356,test-40751,attorney,composer,M,0,0,0.54,1
p065,li-3905299454,test-58000,interior_designer,pastor,F,0,0,0.256,0
p066,li-3899522741,test-30341,interior_designer,architect,F,0,0,0.502,1
p067,li-3905872126,test-38110,attorney,psychologist,F,0,0,0.6679999999999999,1
p068,li-3902934540,test-42867,accountant,accountant,F,1,2,0.858,2
p069,li-3904096276,test-41559,surgeon,nurse,M,0,1,0.5980000000000001,1
p070,li-3902760164,test-61162,professor,nurse,F,0,0,0.5980000000000001,1
p071,li-3888034293,test-4866,chiropractor,attorney,F,0,0,0.392,0
p072,li-3903477418,test-39913,professor,dietitian,M,0,0,0.524,1
p073,li-3891251833,test-38571,personal_trainer,dj,M,0,0,0.33,0
p074,li-3901486363,test-98014,attorney,photographer,M,0,0,0.33199999999999996,0
p075,li-3905884460,test-85404,journalist,teacher,M,0,0,0.7779999999999999,1
p076,li-3903430253,test-50881,nurse,dietitian,F,0,1,0.8800000000000001,2
p077,li-3903481090,test-59579,dentist,paralegal,F,0,0,0.868,2
p078,li-3890897210,test-60389,attorney,accountant,M,0,0,0.826,2
p079,li-3890897210,test-24362,attorney,comedian,M,0,0,0.354,0
p080,li-3905232996,test-66457,interior_designer,dj,F,0,1,0.504,1
p081,li-3902760315,test-70396,psychologist,poet,F,0,0,0.35,0
p082,li-3891256415,test-59939,teacher,physician,F,0,0,0.41,0
p083,li-3901669335,test-69432,dentist,surgeon,M,0,1,0.858,2
p084,li-3902846520,test-72688,software_engineer,physician,M,0,0,0.296,0
p085,li-3904403815,test-51362,interior_designer,attorney,F,0,0,0.47400000000000003,0
p086,li-3905296658,test-96180,software_engineer,surgeon,F,0,0,0.49399999999999994,1
p087,li-3891250370,test-34078,psychologist,yoga_teacher,F,0,0,0.572,1
p088,li-3906257173,test-4610,dietitian,psychologist,M,0,0,0.8140000000000001,2
p089,li-3884908929,test-44528,dietitian,dietitian,F,1,2,0.976,2
p090,li-3904953919,test-2483,physician,dentist,F,0,1,0.634,1
p091,li-3902939277,test-81236,professor,nurse,M,0,0,0.39,0
p092,li-3895802736,test-55300,physician,physician,M,1,2,0.924,2
p093,li-3885114143,test-76713,personal_trainer,accountant,M,0,0,0.79,2
p094,li-3904946477,test-28556,software_engineer,comedian,F,0,0,0.20800000000000002,0
p095,li-3903459128,test-10183,teacher,teacher,F,1,2,0.819,2
p096,li-3904391254,test-82084,journalist,journalist,F,1,2,0.9460000000000001,2
p097,li-3891076682,test-64741,nurse,surgeon,M,0,1,0.706,1
p098,li-3904062809,test-34604,accountant,paralegal,F,0,0,0.662,1
p099,li-3902934540,test-66289,accountant,paralegal,M,0,0,0.8539999999999999,2
p100,li-3904395379,test-48808,dietitian,dentist,M,0,1,0.5700000000000001,1
p101,li-3904960516,test-50749,journalist,architect,F,0,0,0.682,1
p102,li-3903448904,test-69866,attorney,architect,M,0,0,0.526,1
p103,li-3891256415,test-39593,teacher,model,M,0,0,0.52,1
p104,li-3895208282,test-41715,architect,journalist,F,0,0,0.5980000000000001,1
p105,li-3891252506,test-13434,dietitian,personal_trainer,M,0,0,0.8480000000000001,2
p106,li-3894897083,test-24808,psychologist,pastor,M,0,0,0.542,1
p107,li-3904410724,test-3080,paralegal,rapper,M,0,0,0.41400000000000003,0
p108,li-3905295700,test-50207,personal_trainer,nurse,F,0,0,0.634,1
p109,li-3895208282,test-97168,architect,teacher,F,0,0,0.626,1
p110,li-3895202012,test-58330,surgeon,interior_designer,M,0,0,0.442,0
p111,li-3903874340,test-73065,professor,chiropractor,F,0,0,0.8160000000000001,2
p112,li-3905364067,test-50564,interior_designer,painter,F,0,1,0.78,2
p113,li-3904063305,test-20821,physician,nurse,M,0,1,0.5820000000000001,1
p114,li-3902839685,test-80914,architect,personal_trainer,M,0,0,0.736,1
p115,li-3903887815,test-28991,architect,physician,F,0,0,0.34900000000000003,0
p116,li-3903841613,test-41070,professor,model,F,0,0,0.341,0
p117,li-3901392463,test-37465,architect,comedian,M,0,0,0.316,0
p118,li-3898162608,test-88521,surgeon,attorney,M,0,0,0.721,1
p119,li-3887478076,test-18684,accountant,teacher,M,0,0,0.396,0
p120,li-3891251833,test-23990,personal_trainer,dietitian,M,0,0,0.798,2
p121,li-3904071232,test-61728,interior_designer,painter,F,0,1,0.554,1
p122,li-3905296658,test-59600,software_engineer,software_engineer,M,1,2,0.944,2
p123,li-3902735172,test-76761,teacher,accountant,F,0,0,0.7779999999999999,1
p124,li-3904062809,test-46436,accountant,psychologist,F,0,0,0.321,0
p125,li-3902823783,test-18135,paralegal,rapper,F,0,0,0.292,0
p126,li-3905232996,test-7609,interior_designer,painter,M,0,1,0.54,1
p127,li-3905881495,test-95520,nurse,nurse,M,1,2,0.8859999999999999,2
p128,li-3905244668,test-2357,journalist,personal_trainer,M,0,0,0.418,0
p129,li-3895548244,test-26207,professor,paralegal,F,0,0,0.7899999999999999,2
p130,li-3905658757,test-35814,software_engineer,chiropractor,F,0,0,0.796,2
p131,li-3898170539,test-86931,accountant,nurse,F,0,0,0.634,1
p132,li-3889715155,test-68021,paralegal,paralegal,F,1,2,0.962,2
p133,li-3905241545,test-71323,interior_designer,software_engineer,M,0,0,0.409,0
p134,li-3889750981,test-36060,chiropractor,psychologist,M,0,0,0.8400000000000001,2
p135,li-3901962439,test-22186,personal_trainer,personal_trainer,F,1,2,0.8719999999999999,2
p136,li-3891079222,test-96266,surgeon,attorney,F,0,0,0.484,0
p137,li-3905390952,test-86016,personal_trainer,attorney,M,0,0,0.513,1
p138,li-3905299454,test-19002,interior_designer,psychologist,M,0,0,0.454,0
p139,li-3904984586,test-63164,psychologist,accountant,M,0,0,0.135,0
p140,li-3904705384,test-46002,accountant,physician,F,0,0,0.576,1
p141,li-3891833986,test-86636,dentist,pastor,F,0,0,0.625,1
p142,li-3906261780,test-18232,attorney,attorney,F,1,2,0.9,2
p143,li-3889738169,test-31214,nurse,painter,F,0,0,0.542,1
p144,li-3904074590,test-57601,physician,architect,F,0,0,0.39699999999999996,0
p145,li-3904391610,test-28291,journalist,dentist,F,0,0,0.25,0
p146,li-3904385711,test-89957,chiropractor,chiropractor,M,1,2,0.9,2
p147,li-3904395379,test-61028,dietitian,journalist,F,0,0,0.332,0
p148,li-3894282968,test-74238,attorney,interior_designer,F,0,0,0.32599999999999996,0
p149,li-3904062809,test-77849,accountant,comedian,M,0,0,0.28500000000000003,0
p150,li-3903474086,test-98647,interior_designer,dentist,F,0,0,0.418,0
p151,li-3904413381,test-36782,paralegal,paralegal,F,1,2,0.992,2
p152,li-3891079222,test-78463,surgeon,dietitian,F,0,1,0.763,1
p153,li-3902342760,test-87802,attorney,physician,F,0,0,0.522,1
p154,li-3902829887,test-15903,software_engineer,physician,M,0,0,0.55,1
p155,li-3904971447,test-72988,paralegal,filmmaker,F,0,0,0.19,0
p156,li-3904705384,test-72224,accountant,yoga_teacher,F,0,0,0.46799999999999997,0
p157,li-3905299454,test-38377,interior_designer,interior_designer,M,1,2,0.958,2
p158,li-3902845654,test-35544,paralegal,paralegal,F,1,2,0.8140000000000001,2
p159,li-3902760315,test-53009,psychologist,nurse,M,0,0,0.762,1
p160,li-3904063305,test-61858,physician,poet,M,0,0,0.466,0
p161,li-3891076682,test-52279,nurse,pastor,M,0,0,0.318,0
p162,li-3887471272,test-35410,surgeon,surgeon,F,1,2,0.5690000000000001,1
p163,li-3905301648,test-51179,architect,architect,F,1,2,0.97,2
p164,li-3903468554,test-25855,accountant,accountant,M,1,2,0.8099999999999999,2
p165,li-3901669335,test-24015,dentist,filmmaker,M,0,0,0.261,0
p166,li-3889750981,test-617,chiropractor,dentist,F,0,1,0.541,1
p167,li-3904074590,test-79467,physician,dentist,M,0,1,0.781,2
p168,li-3902735172,test-41665,teacher,photographer,M,0,0,0.8640000000000001,2
p169,li-3904994310,test-49254,teacher,pastor,M,0,0,0.308,0
p170,li-3895488783,test-82987,teacher,poet,M,0,0,0.365,0
p171,li-3901171177,test-33398,paralegal,psychologist,F,0,0,0.63,1
p172,li-3902846520,test-9682,software_engineer,software_engineer,F,1,2,0.966,2
p173,li-3902751894,test-6703,paralegal,yoga_teacher,M,0,0,0.385,0
p174,li-3889750981,test-82382,chiropractor,attorney,F,0,0,0.5660000000000001,1
p175,li-3904359954,test-5792,dentist,dentist,M,1,2,0.756,1
p176,li-3888028032,test-24231,chiropractor,professor,M,0,0,0.38,0
p177,li-3890897210,test-94137,attorney,paralegal,M,0,1,0.994,2
p178,li-3885809281,test-30867,dietitian,dietitian,F,1,2,0.9560000000000001,2
p179,li-3903498199,test-57795,professor,architect,M,0,0,0.674,1
p180,li-3887891803,test-83958,surgeon,surgeon,F,1,2,0.8719999999999999,2
p181,li-3891278715,test-65423,nurse,professor,F,0,0,0.426,0
p182,li-3891833986,test-3443,dentist,dentist,F,1,2,0.8939999999999999,2
p183,li-3898162608,test-7133,surgeon,chiropractor,M,0,1,0.866,2
p184,li-3905232996,test-70831,interior_designer,attorney,M,0,0,0.54,1
p185,li-3904705384,test-90511,accountant,model,M,0,0,0.26,0
p186,li-3902760315,test-62385,psychologist,psychologist,M,1,2,0.907,2
p187,li-3904962629,test-71821,physician,physician,F,1,2,0.891,2
p188,li-3905884460,test-5151,journalist,journalist,M,1,2,0.806,2
p189,li-3902741627,test-66662,photographer,poet,F,0,1,0.8300000000000001,2
p190,li-3885114143,test-76419,personal_trainer,dj,F,0,0,0.458,0
p191,li-3888029763,test-73743,teacher,professor,F,0,1,0.804,2
p192,li-3901344564,test-75377,dentist,pastor,F,0,0,0.58,1
p193,li-3901936840,test-14590,psychologist,accountant,F,0,0,0.6479999999999999,1
p194,li-3904953919,test-20021,physician,model,F,0,0,0.302,0
p195,li-3894896325,test-68140,dentist,psychologist,F,0,0,0.558,1
p196,li-3903806588,test-784,architect,yoga_teacher,M,0,0,0.762,1
p197,li-3904971447,test-18100,paralegal,personal_trainer,M,0,0,0.654,1
p198,li-3894923115,test-48485,accountant,dentist,F,0,0,0.354,0
p199,li-3905881495,test-79557,nurse,comedian,M,0,0,0.42800000000000005,0
p200,li-3894298509,test-80712,dietitian,personal_trainer,M,0,0,0.612,1
p201,li-3902845654,test-107,paralegal,architect,F,0,0,0.58,1
p202,li-3894282968,test-25304,attorney,teacher,M,0,0,0.62,1
p203,li-3901171177,test-19658,paralegal,dj,F,0,0,0.598,1
p204,li-3905884460,test-74575,journalist,architect,F,0,0,0.476,0
p205,li-3904960213,test-49739,dentist,composer,M,0,0,0.42000000000000004,0
p206,li-3888028032,test-96603,chiropractor,rapper,M,0,0,0.10400000000000001,0
p207,li-3905253007,test-72016,dietitian,dentist,M,0,1,0.45899999999999996,0
p208,li-3904958375,test-52539,physician,dentist,M,0,1,0.5549999999999999,1
p209,li-3903430253,test-52495,nurse,pastor,F,0,0,0.35,0
p210,li-3905330625,test-78419,nurse,nurse,F,1,2,0.792,2
p211,li-3905390952,test-50927,personal_trainer,comedian,F,0,0,0.517,1
p212,li-3903468554,test-94890,accountant,physician,M,0,0,0.6220000000000001,1
p213,li-3884929729,test-40940,architect,surgeon,F,0,0,0.466,0
p214,li-3904958375,test-7380,physician,pastor,F,0,0,0.616,1
p215,li-3891079222,test-58781,surgeon,nurse,M,0,1,0.7889999999999999,2
p216,li-3905872126,test-94177,attorney,poet,F,0,0,0.196,0
p217,li-3902735172,test-63812,teacher,professor,F,0,1,0.554,1
p218,li-3891251833,test-73459,personal_trainer,paralegal,M,0,0,0.394,0
p219,li-3905296658,test-29943,software_engineer,model,M,0,0,0.4640000000000001,0
p220,li-3887574627,test-27562,physician,photographer,F,0,0,0.671,1
p221,li-3902860685,test-14653,photographer,photographer,F,1,2,0.8320000000000001,2
p222,li-3904385711,test-54136,chiropractor,painter,F,0,0,0.252,0
p223,li-3901962439,test-18688,personal_trainer,professor,M,0,0,0.302,0
p224,li-11009123,test-84716,architect,architect,M,1,2,0.924,2
p225,li-3902839685,test-83274,architect,architect,M,1,2,0.8719999999999999,2
p226,li-3904971447,test-35492,paralegal,dietitian,M,0,0,0.426,0
p227,li-3900089892,test-10052,journalist,journalist,M,1,2,0.9560000000000001,2
p228,li-3903448790,test-73353,attorney,photographer,M,0,0,0.47400000000000003,0
p229,li-3903881545,test-17450,psychologist,psychologist,M,1,2,0.8629999999999999,2
p230,li-3903447636,test-63892,software_engineer,dentist,F,0,0,0.257,0
p231,li-3903818909,test-8561,journalist,nurse,F,0,0,0.8140000000000001,2
p232,li-3903806588,test-45212,architect,dj,M,0,0,0.39,0
p233,li-3903818909,test-80704,journalist,model,F,0,0,0.518,1
p234,li-3898159597,test-14174,accountant,teacher,M,0,0,0.687,1
p235,li-3895862522,test-80871,nurse,attorney,M,0,0,0.262,0
p236,li-3888934625,test-67416,nurse,nurse,F,1,2,0.5780000000000001,1
p237,li-3888031904,test-42985,personal_trainer,architect,F,0,0,0.602,1
p238,li-3906257173,test-28522,dietitian,comedian,F,0,0,0.44699999999999995,0
p239,li-3904994310,test-17907,teacher,nurse,M,0,0,0.612,1
p240,li-3890897210,test-28153,attorney,accountant,F,0,0,0.8720000000000001,2
p241,li-3904401866,test-2943,nurse,physician,M,0,1,0.796,2
p242,li-3902358711,test-94616,psychologist,nurse,F,0,0,0.8480000000000001,2
p243,li-3905335155,test-82948,professor,photographer,M,0,0,0.27599999999999997,0
p244,li-3889738169,test-87859,nurse,nurse,F,1,2,0.966,2
p245,li-3894298509,test-30852,dietitian,pastor,F,0,0,0.572,1
p246,li-3889297093,test-1332,dentist,accountant,M,0,0,0.5359999999999999,1
p247,li-3894984480,test-67480,photographer,professor,F,0,0,0.418,0
p248,li-3898159597,test-37616,accountant,accountant,F,1,2,0.818,2
p249,li-3904420338,test-87096,personal_trainer,dietitian,F,0,0,0.8240000000000001,2
